name,brand,price,salePercent,cpu,ram,gpu,storage,screenSize,screenResolution,weight,batteryLife,operatingSystem,description,images,stock
Laptop Acer Gaming Nitro ProPanel ANV15-52-50VA,Acer,29990000,7,"Intel Core 5 210H (8 lõi / 12 luồng, Efficient-core Max Turbo Frequency :3.6 GHz, Max Turbo Frequency : 4.8GHz, 12 MB Intel Smart Cache)",16GB DDR5 5200 MHz,"NVIDIA GeForce RTX 3050 6 GB GDDR6 VRAM, hỗ trợ 2560 NVIDIA CUDA Cores",512GB PCIe NVMe SSD (Nâng cấp tối đa 4TB),15.6 inches,1920 x 1080 pixels (FullHD),1.8 kg,"57 Wh 4-cell Li-ion batter, 135W 5.5PHY Adapter",Windows 11 Home Single Language,"Laptop Laptop Acer Gaming Nitro ProPanel ANV15-52-50VA chính hãng, phân phối bởi TechStore. Sản phẩm được trang bị bộ vi xử lý mạnh mẽ Intel Core 5 210H (8 lõi / 12 luồng, Efficient-core Max Turbo Frequency :3.6 GHz, Max Turbo Frequency : 4.8GHz, 12 MB Intel Smart Cache), dung lượng RAM 16GB DDR5 5200 MHz và ổ cứng 512GB PCIe NVMe SSD (Nâng cấp tối đa 4TB) tốc độ cao giúp xử lý đa tác vụ mượt mà. Màn hình kích thước 15.6 inches với độ phân giải 1920 x 1080 pixels (FullHD) cho chất lượng hiển thị sắc nét, sống động. Hệ điều hành Windows 11 Home Single Language được cài đặt sẵn cùng dung lượng pin 57 Wh 4-cell Li-ion batter, 135W 5.5PHY Adapter đáp ứng tốt nhu cầu làm việc và học tập liên tục.",https://cdn2.cellphones.com.vn/insecure/rs:fill:358:358/q:90/plain/https://cellphones.com.vn/media/catalog/product/g/r/group_975_17.png,15
Laptop ASUS TUF Gaming A15 FA506NCG-HN329W,ASUS,37490000,25,"AMD Ryzen 7 8845HS 3.8GHz (24MB Cache, up to 5.1 GHz, 8 lõi, 16 luồng)",16GB DDR5-5600 SO-DIMM,NVIDIA GeForce RTX 3050 4GB GDDR6 AMD Radeon Graphics,"512GB PCIe 4.0 NVMe M.2 SSD (2 Khe cắm M.2 hỗ trợ cả SATA hoặc NVMe, tối đa 1TB)",15.6 inches,1920 x 1080 pixels (FullHD),1.8 kg,"48WHrs, 3S1P, 3-cell Li-ion",Windows 11 Home,"Laptop Laptop ASUS TUF Gaming A15 FA506NCG-HN329W chính hãng, phân phối bởi TechStore. Sản phẩm được trang bị bộ vi xử lý mạnh mẽ AMD Ryzen 7 8845HS 3.8GHz (24MB Cache, up to 5.1 GHz, 8 lõi, 16 luồng), dung lượng RAM 16GB DDR5-5600 SO-DIMM và ổ cứng 512GB PCIe 4.0 NVMe M.2 SSD (2 Khe cắm M.2 hỗ trợ cả SATA hoặc NVMe, tối đa 1TB) tốc độ cao giúp xử lý đa tác vụ mượt mà. Màn hình kích thước 15.6 inches với độ phân giải 1920 x 1080 pixels (FullHD) cho chất lượng hiển thị sắc nét, sống động. Hệ điều hành Windows 11 Home được cài đặt sẵn cùng dung lượng pin 48WHrs, 3S1P, 3-cell Li-ion đáp ứng tốt nhu cầu làm việc và học tập liên tục.",https://cdn2.cellphones.com.vn/insecure/rs:fill:358:358/q:90/plain/https://cellphones.com.vn/media/catalog/product/t/e/text_d_i_9_14.png,15
Laptop ASUS ExpertBook P1 P1403CVA-C5H16-63WS,ASUS,26990000,7,"Intel Core 5 210H 2.2 GHz (12MB Cache, up to 4.8 GHz, 8 lõi, 12 luồng)",16GB DDR5 SO-DIMM,Intel Graphics,512GB SSD M.2 2280 NVMe PCIe 4.0 Khe mở rộng lưu trữ SSD,14 inches,1920 x 1080 pixels (FullHD),1.8 kg,"63WHrs, 3S1P, 3-cell Li-ion",Windows 11 Home + Microsoft Office Home 2024 + Microsoft 365 Basic,"Laptop Laptop ASUS ExpertBook P1 P1403CVA-C5H16-63WS chính hãng, phân phối bởi TechStore. Sản phẩm được trang bị bộ vi xử lý mạnh mẽ Intel Core 5 210H 2.2 GHz (12MB Cache, up to 4.8 GHz, 8 lõi, 12 luồng), dung lượng RAM 16GB DDR5 SO-DIMM và ổ cứng 512GB SSD M.2 2280 NVMe PCIe 4.0 Khe mở rộng lưu trữ SSD tốc độ cao giúp xử lý đa tác vụ mượt mà. Màn hình kích thước 14 inches với độ phân giải 1920 x 1080 pixels (FullHD) cho chất lượng hiển thị sắc nét, sống động. Hệ điều hành Windows 11 Home + Microsoft Office Home 2024 + Microsoft 365 Basic được cài đặt sẵn cùng dung lượng pin 63WHrs, 3S1P, 3-cell Li-ion đáp ứng tốt nhu cầu làm việc và học tập liên tục.",https://cdn2.cellphones.com.vn/insecure/rs:fill:358:358/q:90/plain/https://cellphones.com.vn/media/catalog/product/t/e/text_ng_n_2__13_42.png,15
Laptop Acer Gaming Aspire 7 A715-59G-59RD,Acer,27990000,7,"Intel Core 5 210H (8 lõi / 12 luồng, 1.6 GHz - 4.8 GHz, 12 MB Intel Smart Cache)",16GB DDR4 3200 MHz,"NVIDIA GeForce RTX 3050 4GB GDDR6, supporting 2560 NVIDIA CUDA Cores",512GB PCIe NVMe SSD (Nâng cấp tối đa 4TB),15.6 inches,1920 x 1080 pixels (FullHD),1.8 kg,Pin Li-ion 3 cell 54.8Wh Sạc AC 150W,Windows 11 Home,"Laptop Laptop Acer Gaming Aspire 7 A715-59G-59RD chính hãng, phân phối bởi TechStore. Sản phẩm được trang bị bộ vi xử lý mạnh mẽ Intel Core 5 210H (8 lõi / 12 luồng, 1.6 GHz - 4.8 GHz, 12 MB Intel Smart Cache), dung lượng RAM 16GB DDR4 3200 MHz và ổ cứng 512GB PCIe NVMe SSD (Nâng cấp tối đa 4TB) tốc độ cao giúp xử lý đa tác vụ mượt mà. Màn hình kích thước 15.6 inches với độ phân giải 1920 x 1080 pixels (FullHD) cho chất lượng hiển thị sắc nét, sống động. Hệ điều hành Windows 11 Home được cài đặt sẵn cùng dung lượng pin Pin Li-ion 3 cell 54.8Wh Sạc AC 150W đáp ứng tốt nhu cầu làm việc và học tập liên tục.",https://cdn2.cellphones.com.vn/insecure/rs:fill:358:358/q:90/plain/https://cellphones.com.vn/media/catalog/product/g/r/group_1042.png,15
Laptop MSI Modern 15 F1MG-1225VN,MSI,21990000,14,"Intel Core 5 120U (10 lõi (2 P-cores + 8 E-cores), 12 luồng, 5.0 GHz)",16GB DDR4-3200,Intel Graphics,512GB,15.6 inches,1920 x 1080 pixels (FullHD),1.8 kg,3-Cell (46.8 Whrs),Windows 11 Home Single Language 64-bit,"Laptop Laptop MSI Modern 15 F1MG-1225VN chính hãng, phân phối bởi TechStore. Sản phẩm được trang bị bộ vi xử lý mạnh mẽ Intel Core 5 120U (10 lõi (2 P-cores + 8 E-cores), 12 luồng, 5.0 GHz), dung lượng RAM 16GB DDR4-3200 và ổ cứng 512GB tốc độ cao giúp xử lý đa tác vụ mượt mà. Màn hình kích thước 15.6 inches với độ phân giải 1920 x 1080 pixels (FullHD) cho chất lượng hiển thị sắc nét, sống động. Hệ điều hành Windows 11 Home Single Language 64-bit được cài đặt sẵn cùng dung lượng pin 3-Cell (46.8 Whrs) đáp ứng tốt nhu cầu làm việc và học tập liên tục.",https://cdn2.cellphones.com.vn/insecure/rs:fill:358:358/q:90/plain/https://cellphones.com.vn/media/catalog/product/g/r/group_945_29.png,15
Laptop MSI Katana 15 B13VEK-2440VN,MSI,35490000,4,"Intel Core i7-13620H, 10 lõi (6 P-cores + 4 E-cores), 16 luồng, 24 MB Intel Smart Cache, Max Turbo Frequency 4.9 GHz",16GB DDR5 5200MHz,"NVIDIA GeForce RTX 4050 với 194 AI TOPS, GDDR6 6GB Intel UHD Graphics","1TB*1, 2x M.2 SSD slot (NVMe PCIe Gen4)",15.6 inches,1920 x 1080 pixels (FullHD),1.8 kg,"3-cell, 53.5WHr",Windows 11 Home,"Laptop Laptop MSI Katana 15 B13VEK-2440VN chính hãng, phân phối bởi TechStore. Sản phẩm được trang bị bộ vi xử lý mạnh mẽ Intel Core i7-13620H, 10 lõi (6 P-cores + 4 E-cores), 16 luồng, 24 MB Intel Smart Cache, Max Turbo Frequency 4.9 GHz, dung lượng RAM 16GB DDR5 5200MHz và ổ cứng 1TB*1, 2x M.2 SSD slot (NVMe PCIe Gen4) tốc độ cao giúp xử lý đa tác vụ mượt mà. Màn hình kích thước 15.6 inches với độ phân giải 1920 x 1080 pixels (FullHD) cho chất lượng hiển thị sắc nét, sống động. Hệ điều hành Windows 11 Home được cài đặt sẵn cùng dung lượng pin 3-cell, 53.5WHr đáp ứng tốt nhu cầu làm việc và học tập liên tục.",https://cdn2.cellphones.com.vn/insecure/rs:fill:358:358/q:90/plain/https://cellphones.com.vn/media/catalog/product/t/e/text_d_i_1__4_62.png,15
Laptop ASUS Vivobook Go 15 E1504FA-BQ340W,ASUS,19990000,5,"AMD Ryzen 5 40 (2.8 GHz - 4.3 GHz/ 4MB/ 4 lõi, 8 luồng)",16GB LPDDR5 on board,AMD Radeon Graphics,512GB M.2 NVMe PCIe 3.0 SSD,15.6 inches,1920 x 1080 pixels (FullHD),1.8 kg,"42WHrs, 3S1P, 3-cell Li-ion",Windows 11 Home,"Laptop Laptop ASUS Vivobook Go 15 E1504FA-BQ340W chính hãng, phân phối bởi TechStore. Sản phẩm được trang bị bộ vi xử lý mạnh mẽ AMD Ryzen 5 40 (2.8 GHz - 4.3 GHz/ 4MB/ 4 lõi, 8 luồng), dung lượng RAM 16GB LPDDR5 on board và ổ cứng 512GB M.2 NVMe PCIe 3.0 SSD tốc độ cao giúp xử lý đa tác vụ mượt mà. Màn hình kích thước 15.6 inches với độ phân giải 1920 x 1080 pixels (FullHD) cho chất lượng hiển thị sắc nét, sống động. Hệ điều hành Windows 11 Home được cài đặt sẵn cùng dung lượng pin 42WHrs, 3S1P, 3-cell Li-ion đáp ứng tốt nhu cầu làm việc và học tập liên tục.",https://cdn2.cellphones.com.vn/insecure/rs:fill:358:358/q:90/plain/https://cellphones.com.vn/media/catalog/product/g/r/group_945_13.png,15
Laptop Lenovo IdeaPad Slim 3 14IWC11 83RQ002NVN,Lenovo,26490000,9,"Intel Core 5 320, 6C (2P + 4LPE) / 6T, Max Turbo up to 4.6Ghz, 6MB Intel Smart Cache",16GB SODIMM DDR5-5600,Intel Graphics,"512GB SSD M.2 2242 PCIe 4.0x4 NVMe (Một ổ đĩa, SSD M.2 2242 dung lượng lên đến 1TB)",14 inches,1920 x 1200 pixels (WUXGA),1.8 kg,"50Wh, 65W Round Tip (3-pin)","Windows 11 Home Single Language, English","Laptop Laptop Lenovo IdeaPad Slim 3 14IWC11 83RQ002NVN chính hãng, phân phối bởi TechStore. Sản phẩm được trang bị bộ vi xử lý mạnh mẽ Intel Core 5 320, 6C (2P + 4LPE) / 6T, Max Turbo up to 4.6Ghz, 6MB Intel Smart Cache, dung lượng RAM 16GB SODIMM DDR5-5600 và ổ cứng 512GB SSD M.2 2242 PCIe 4.0x4 NVMe (Một ổ đĩa, SSD M.2 2242 dung lượng lên đến 1TB) tốc độ cao giúp xử lý đa tác vụ mượt mà. Màn hình kích thước 14 inches với độ phân giải 1920 x 1200 pixels (WUXGA) cho chất lượng hiển thị sắc nét, sống động. Hệ điều hành Windows 11 Home Single Language, English được cài đặt sẵn cùng dung lượng pin 50Wh, 65W Round Tip (3-pin) đáp ứng tốt nhu cầu làm việc và học tập liên tục.",https://cdn2.cellphones.com.vn/insecure/rs:fill:358:358/q:90/plain/https://cellphones.com.vn/media/catalog/product/g/r/group_945_1_20.png,15
Laptop Dell 14 DC14250 DC4C5375W1 - Bảo hành 2 năm,Dell,31390000,0,"Intel Core 5 120U (10 lõi, up to 5.0 GHz)",16GB DDR5 5200 MT/s,Intel Graphics,512GB M.2 PCIe NVMe (nâng cấp tối đa 1TB),14 inches,1920 x 1200 pixels (FullHD+),1.8 kg,"4-Cell Battery, 54WHr","Windows 11 Home Single Language, Microsoft Office Home 2024 + Microsoft 365 Basic 1 year","Laptop Laptop Dell 14 DC14250 DC4C5375W1 - Bảo hành 2 năm chính hãng, phân phối bởi TechStore. Sản phẩm được trang bị bộ vi xử lý mạnh mẽ Intel Core 5 120U (10 lõi, up to 5.0 GHz), dung lượng RAM 16GB DDR5 5200 MT/s và ổ cứng 512GB M.2 PCIe NVMe (nâng cấp tối đa 1TB) tốc độ cao giúp xử lý đa tác vụ mượt mà. Màn hình kích thước 14 inches với độ phân giải 1920 x 1200 pixels (FullHD+) cho chất lượng hiển thị sắc nét, sống động. Hệ điều hành Windows 11 Home Single Language, Microsoft Office Home 2024 + Microsoft 365 Basic 1 year được cài đặt sẵn cùng dung lượng pin 4-Cell Battery, 54WHr đáp ứng tốt nhu cầu làm việc và học tập liên tục.",https://cdn2.cellphones.com.vn/insecure/rs:fill:358:358/q:90/plain/https://cellphones.com.vn/media/catalog/product/g/r/group_945_1_21.png,15
Laptop ASUS VivoBook S14 S3407CA-SF913W,ASUS,29990000,14,"Intel Core Ultra 5 225H 1.7 GHz (18MB Cache, up to 4.9 GHz, 14 lõi, 14 luồng)",16GB DDR5 on board,Intel Graphics,512GB M.2 NVMe PCIe 4.0 SSD,14 inches,1920 x 1200 pixels (WUXGA),1.8 kg,"70WHrs, 4S1P, 4-cell Li-ion",Windows 11 Home,"Laptop Laptop ASUS VivoBook S14 S3407CA-SF913W chính hãng, phân phối bởi TechStore. Sản phẩm được trang bị bộ vi xử lý mạnh mẽ Intel Core Ultra 5 225H 1.7 GHz (18MB Cache, up to 4.9 GHz, 14 lõi, 14 luồng), dung lượng RAM 16GB DDR5 on board và ổ cứng 512GB M.2 NVMe PCIe 4.0 SSD tốc độ cao giúp xử lý đa tác vụ mượt mà. Màn hình kích thước 14 inches với độ phân giải 1920 x 1200 pixels (WUXGA) cho chất lượng hiển thị sắc nét, sống động. Hệ điều hành Windows 11 Home được cài đặt sẵn cùng dung lượng pin 70WHrs, 4S1P, 4-cell Li-ion đáp ứng tốt nhu cầu làm việc và học tập liên tục.",https://cdn2.cellphones.com.vn/insecure/rs:fill:358:358/q:90/plain/https://cellphones.com.vn/media/catalog/product/g/r/group_881_4_.png,15
Laptop MSI Cyborg 15 A13UC-2082VN,MSI,30690000,14,"Intel Core i7-13620H Gen 13th (10 lõi / 16 luồng, 24MB Cache)",16GB DDR5 5600,NVIDIA GeForce RTX 3050 4GB Intel UHD Graphics,512GB NVMe PCIe Gen4 (Max 4TB),15.6 inches,1920 x 1080 pixels (FullHD),1.8 kg,3 Cells 53.5 Whrs,Windows 11 Home,"Laptop Laptop MSI Cyborg 15 A13UC-2082VN chính hãng, phân phối bởi TechStore. Sản phẩm được trang bị bộ vi xử lý mạnh mẽ Intel Core i7-13620H Gen 13th (10 lõi / 16 luồng, 24MB Cache), dung lượng RAM 16GB DDR5 5600 và ổ cứng 512GB NVMe PCIe Gen4 (Max 4TB) tốc độ cao giúp xử lý đa tác vụ mượt mà. Màn hình kích thước 15.6 inches với độ phân giải 1920 x 1080 pixels (FullHD) cho chất lượng hiển thị sắc nét, sống động. Hệ điều hành Windows 11 Home được cài đặt sẵn cùng dung lượng pin 3 Cells 53.5 Whrs đáp ứng tốt nhu cầu làm việc và học tập liên tục.",https://cdn2.cellphones.com.vn/insecure/rs:fill:358:358/q:90/plain/https://cellphones.com.vn/media/catalog/product/t/e/text_d_i_7_126.png,15
Laptop HP Omnibook 5 AI 16-AF1048TU BZ7Q9PA,HP,27190000,4,Intel Core Ultra 5 225U (12 lõi) - Max Turbo Frequency: 4. 80 GHz,16GB LPDDR5X/ 7467MHz Onboard,Intel Graphics,512GB SSD PCIe (M.2 2280),16 inches,1920 x 1200 pixels (WUXGA),1.8 kg,3 Cell Int (59.16Wh),Windows 11 Home Single Language 64-bit + Office Home 2024,"Laptop Laptop HP Omnibook 5 AI 16-AF1048TU BZ7Q9PA chính hãng, phân phối bởi TechStore. Sản phẩm được trang bị bộ vi xử lý mạnh mẽ Intel Core Ultra 5 225U (12 lõi) - Max Turbo Frequency: 4. 80 GHz, dung lượng RAM 16GB LPDDR5X/ 7467MHz Onboard và ổ cứng 512GB SSD PCIe (M.2 2280) tốc độ cao giúp xử lý đa tác vụ mượt mà. Màn hình kích thước 16 inches với độ phân giải 1920 x 1200 pixels (WUXGA) cho chất lượng hiển thị sắc nét, sống động. Hệ điều hành Windows 11 Home Single Language 64-bit + Office Home 2024 được cài đặt sẵn cùng dung lượng pin 3 Cell Int (59.16Wh) đáp ứng tốt nhu cầu làm việc và học tập liên tục.",https://cdn2.cellphones.com.vn/insecure/rs:fill:358:358/q:90/plain/https://cellphones.com.vn/media/catalog/product/g/r/group_744_1_42.png,15
Laptop ASUS VivoBook 14 X1407CA-LY008W,ASUS,25990000,18,"Intel Core Ultra 5 225H 1.7 GHz (18MB Cache, up to 4.9 GHz, 14 lõi, 14 luồng)",16GB DDR5 on board,Intel Graphics,512GB M.2 NVMe PCIe 4.0 SSD,14 inches,1920 x 1200 pixels (WUXGA),1.8 kg,"42WHrs, 3S1P, 3-cell Li-ion",Windows 11 Home,"Laptop Laptop ASUS VivoBook 14 X1407CA-LY008W chính hãng, phân phối bởi TechStore. Sản phẩm được trang bị bộ vi xử lý mạnh mẽ Intel Core Ultra 5 225H 1.7 GHz (18MB Cache, up to 4.9 GHz, 14 lõi, 14 luồng), dung lượng RAM 16GB DDR5 on board và ổ cứng 512GB M.2 NVMe PCIe 4.0 SSD tốc độ cao giúp xử lý đa tác vụ mượt mà. Màn hình kích thước 14 inches với độ phân giải 1920 x 1200 pixels (WUXGA) cho chất lượng hiển thị sắc nét, sống động. Hệ điều hành Windows 11 Home được cài đặt sẵn cùng dung lượng pin 42WHrs, 3S1P, 3-cell Li-ion đáp ứng tốt nhu cầu làm việc và học tập liên tục.",https://cdn2.cellphones.com.vn/insecure/rs:fill:358:358/q:90/plain/https://cellphones.com.vn/media/catalog/product/t/e/text_ng_n_4__10_30.png,15
Laptop Acer Gaming Aspire 7 A715-59G-57TU,Acer,23990000,6,"Intel Core i5-12450H (8 lõi / 12 luồng, Tần số Turbo tối đa của E-core : 3.3 GHz, Tần số Turbo tối đa của P-core : 4.4 GHz, 12 MB Intel Smart Cache)",16GB DDR4 3200 MT/s,"NVIDIA GeForce RTX 3050 6 GB, supporting 2560 NVIDIA CUDA Cores",512GB PCIe NVMe SSD (Nâng cấp tối đa 4TB),15.6 inches,1920 x 1080 pixels (FullHD),1.8 kg,"Pin Li-ion 3 cell 54,8Wh  Bộ đổi nguồn AC 150W",Windows 11 Home Single Language,"Laptop Laptop Acer Gaming Aspire 7 A715-59G-57TU chính hãng, phân phối bởi TechStore. Sản phẩm được trang bị bộ vi xử lý mạnh mẽ Intel Core i5-12450H (8 lõi / 12 luồng, Tần số Turbo tối đa của E-core : 3.3 GHz, Tần số Turbo tối đa của P-core : 4.4 GHz, 12 MB Intel Smart Cache), dung lượng RAM 16GB DDR4 3200 MT/s và ổ cứng 512GB PCIe NVMe SSD (Nâng cấp tối đa 4TB) tốc độ cao giúp xử lý đa tác vụ mượt mà. Màn hình kích thước 15.6 inches với độ phân giải 1920 x 1080 pixels (FullHD) cho chất lượng hiển thị sắc nét, sống động. Hệ điều hành Windows 11 Home Single Language được cài đặt sẵn cùng dung lượng pin Pin Li-ion 3 cell 54,8Wh  Bộ đổi nguồn AC 150W đáp ứng tốt nhu cầu làm việc và học tập liên tục.",https://cdn2.cellphones.com.vn/insecure/rs:fill:358:358/q:90/plain/https://cellphones.com.vn/media/catalog/product/t/e/text_d_i_1__4_8.png,15
Laptop Acer Aspire Lite 16 GEN 2 AL16-52P-76DU,Acer,19990000,4,"Intel Core i7 Raptor Lake - 1355U (10 lõi / 12 luồng, 1.7GHz, Turbo Boost 5.0 GHz)",16GB DDR5 4800 MHz,Intel Iris Xe Graphics,"512 GB SSD NVMe PCIe (Có thể tháo ra, lắp thanh khác tối đa 2 TB)",16 inches,1920 x 1200 pixels (FullHD+),1.8 kg,"3-cell Li-ion, 58 Wh",Windows 11 Home SL,"Laptop Laptop Acer Aspire Lite 16 GEN 2 AL16-52P-76DU chính hãng, phân phối bởi TechStore. Sản phẩm được trang bị bộ vi xử lý mạnh mẽ Intel Core i7 Raptor Lake - 1355U (10 lõi / 12 luồng, 1.7GHz, Turbo Boost 5.0 GHz), dung lượng RAM 16GB DDR5 4800 MHz và ổ cứng 512 GB SSD NVMe PCIe (Có thể tháo ra, lắp thanh khác tối đa 2 TB) tốc độ cao giúp xử lý đa tác vụ mượt mà. Màn hình kích thước 16 inches với độ phân giải 1920 x 1200 pixels (FullHD+) cho chất lượng hiển thị sắc nét, sống động. Hệ điều hành Windows 11 Home SL được cài đặt sẵn cùng dung lượng pin 3-cell Li-ion, 58 Wh đáp ứng tốt nhu cầu làm việc và học tập liên tục.",https://cdn2.cellphones.com.vn/insecure/rs:fill:358:358/q:90/plain/https://cellphones.com.vn/media/catalog/product/g/r/group_659_1__12.png,15
Laptop Lenovo LOQ Essential 15ARP10E 83S0000DVN,Lenovo,31990000,23,"AMD Ryzen 5 7535HS (6 lõi / 12 luồng, 3.3 / 4.55GHz, 3MB L2 / 16MB L3)",16GB SODIMM DDR5-4800,"NVIDIA GeForce RTX 3050 6GB GDDR6, Boost Clock 990MHz, TGP 65W","512GB SSD M.2 2242 PCIe 4.0x4 NVMe (Tối đa hai ổ đĩa, 2 ổ SSD M.2, SSD M.2 dung lượng tối đa 1TB mỗi ổ)",15.6 inches,1920 x 1080 pixels (FullHD),1.8 kg,"57.5Wh, 135W Slim Tip (3-pin)","Windows 11 Home Single Language, English","Laptop Laptop Lenovo LOQ Essential 15ARP10E 83S0000DVN chính hãng, phân phối bởi TechStore. Sản phẩm được trang bị bộ vi xử lý mạnh mẽ AMD Ryzen 5 7535HS (6 lõi / 12 luồng, 3.3 / 4.55GHz, 3MB L2 / 16MB L3), dung lượng RAM 16GB SODIMM DDR5-4800 và ổ cứng 512GB SSD M.2 2242 PCIe 4.0x4 NVMe (Tối đa hai ổ đĩa, 2 ổ SSD M.2, SSD M.2 dung lượng tối đa 1TB mỗi ổ) tốc độ cao giúp xử lý đa tác vụ mượt mà. Màn hình kích thước 15.6 inches với độ phân giải 1920 x 1080 pixels (FullHD) cho chất lượng hiển thị sắc nét, sống động. Hệ điều hành Windows 11 Home Single Language, English được cài đặt sẵn cùng dung lượng pin 57.5Wh, 135W Slim Tip (3-pin) đáp ứng tốt nhu cầu làm việc và học tập liên tục.",https://cdn2.cellphones.com.vn/insecure/rs:fill:358:358/q:90/plain/https://cellphones.com.vn/media/catalog/product/t/e/text_d_i_9_2.png,15
Laptop Lenovo IdeaPad Slim 5 14IMH10 83V6001HVN,Lenovo,30990000,5,"Intel Core Ultra 5 135H, 14 lõi (4P + 8E + 2LPE) / 18 luồng, Max Turbo up to 4.6GHz, 18MB Intel Smart Cache",32GB DDR5-5600,Intel Arc Graphics,"512GB SSD M.2 2242 PCIe 4.0x4 NVMe (Hỗ trợ tối đa hai ổ đĩa, 2 ổ SSD M.2, tối đa 1TB)",14 inches,1920 x 1200 pixels (WUXGA),1.8 kg,"60Wh, 65W USB-C Slim (2-pin, Wall-mount)","Windows 11 Home Single Language, English","Laptop Laptop Lenovo IdeaPad Slim 5 14IMH10 83V6001HVN chính hãng, phân phối bởi TechStore. Sản phẩm được trang bị bộ vi xử lý mạnh mẽ Intel Core Ultra 5 135H, 14 lõi (4P + 8E + 2LPE) / 18 luồng, Max Turbo up to 4.6GHz, 18MB Intel Smart Cache, dung lượng RAM 32GB DDR5-5600 và ổ cứng 512GB SSD M.2 2242 PCIe 4.0x4 NVMe (Hỗ trợ tối đa hai ổ đĩa, 2 ổ SSD M.2, tối đa 1TB) tốc độ cao giúp xử lý đa tác vụ mượt mà. Màn hình kích thước 14 inches với độ phân giải 1920 x 1200 pixels (WUXGA) cho chất lượng hiển thị sắc nét, sống động. Hệ điều hành Windows 11 Home Single Language, English được cài đặt sẵn cùng dung lượng pin 60Wh, 65W USB-C Slim (2-pin, Wall-mount) đáp ứng tốt nhu cầu làm việc và học tập liên tục.",https://cdn2.cellphones.com.vn/insecure/rs:fill:358:358/q:90/plain/https://cellphones.com.vn/media/catalog/product/g/r/group_894_1__2.png,15
MacBook Neo 13 inch A18 Pro 2026 6CPU 5GPU 8GB 256GB | Chính hãng Apple Việt Nam,Apple,19490000,4,Chip Apple A18 Pro CPU 6 lõi với 2 lõi hiệu năng và 4 lõi tiết kiệm điện,8GB,GPU 5 lõi Công nghệ dò tia tốc độ cao bằng phần cứng Neural Engine 16 lõi Băng thông bộ nhớ 60GB/s,256GB,13 inches,2408 x 1506 pixels,1.8 kg,Thời gian xem video trực tuyến lên đến 16 giờ Thời gian duyệt web trên mạng không dây lên đến 11 giờ Pin lithium-ion 36.5 watt‑giờ tích hợp,macOS,"Laptop MacBook Neo 13 inch A18 Pro 2026 6CPU 5GPU 8GB 256GB | Chính hãng Apple Việt Nam chính hãng, phân phối bởi TechStore. Sản phẩm được trang bị bộ vi xử lý mạnh mẽ Chip Apple A18 Pro CPU 6 lõi với 2 lõi hiệu năng và 4 lõi tiết kiệm điện, dung lượng RAM 8GB và ổ cứng 256GB tốc độ cao giúp xử lý đa tác vụ mượt mà. Màn hình kích thước 13 inches với độ phân giải 2408 x 1506 pixels cho chất lượng hiển thị sắc nét, sống động. Hệ điều hành macOS được cài đặt sẵn cùng dung lượng pin Thời gian xem video trực tuyến lên đến 16 giờ Thời gian duyệt web trên mạng không dây lên đến 11 giờ Pin lithium-ion 36.5 watt‑giờ tích hợp đáp ứng tốt nhu cầu làm việc và học tập liên tục.",https://cdn2.cellphones.com.vn/insecure/rs:fill:358:358/q:90/plain/https://cellphones.com.vn/media/catalog/product/m/a/macbook_13_19.png,15
Laptop ASUS TUF Gaming F16 FX607VJ-RL034W,ASUS,24490000,6,"Intel Core 5 210H 2.2 GHz (12MB Cache, up to 4.8 GHz, 8 lõi, 12 luồng)",16GB DDR4-3200 SO-DIMM,NVIDIA GeForce RTX 3050 6GB GDDR6Intel Iris Xe Graphics,"512GB PCIe 4.0 NVMe M.2 SSD (2 Khe cắm M.2 hỗ trợ SATA hoặc NVMe, tối đa 2TB)",16 inches,1920 x 1200 pixels (WUXGA),1.8 kg,"56WHrs, 4S1P, 4-cell Li-ion",Windows 11 Home,"Laptop Laptop ASUS TUF Gaming F16 FX607VJ-RL034W chính hãng, phân phối bởi TechStore. Sản phẩm được trang bị bộ vi xử lý mạnh mẽ Intel Core 5 210H 2.2 GHz (12MB Cache, up to 4.8 GHz, 8 lõi, 12 luồng), dung lượng RAM 16GB DDR4-3200 SO-DIMM và ổ cứng 512GB PCIe 4.0 NVMe M.2 SSD (2 Khe cắm M.2 hỗ trợ SATA hoặc NVMe, tối đa 2TB) tốc độ cao giúp xử lý đa tác vụ mượt mà. Màn hình kích thước 16 inches với độ phân giải 1920 x 1200 pixels (WUXGA) cho chất lượng hiển thị sắc nét, sống động. Hệ điều hành Windows 11 Home được cài đặt sẵn cùng dung lượng pin 56WHrs, 4S1P, 4-cell Li-ion đáp ứng tốt nhu cầu làm việc và học tập liên tục.",https://cdn2.cellphones.com.vn/insecure/rs:fill:358:358/q:90/plain/https://cellphones.com.vn/media/catalog/product/t/e/text_d_i_7_36.png,15
Laptop ASUS Gaming V16 V3607VU-RP343W,ASUS,26990000,4,"Intel Core 5 210H 2.2 GHz (12MB Cache, up to 4.8 GHz, 8 lõi, 12 luồng)",16GB DDR5,NVIDIA GeForce RTX 4050 6GB GDDR6 (194 AI TOPs)Intel Graphics,512GB M.2 NVMe PCIe 4.0 SSD,16 inches,1920 x 1200 pixels (WUXGA),1.8 kg,"63WHrs, 3S1P, 3-cell Li-ion",Windows 11 Home,"Laptop Laptop ASUS Gaming V16 V3607VU-RP343W chính hãng, phân phối bởi TechStore. Sản phẩm được trang bị bộ vi xử lý mạnh mẽ Intel Core 5 210H 2.2 GHz (12MB Cache, up to 4.8 GHz, 8 lõi, 12 luồng), dung lượng RAM 16GB DDR5 và ổ cứng 512GB M.2 NVMe PCIe 4.0 SSD tốc độ cao giúp xử lý đa tác vụ mượt mà. Màn hình kích thước 16 inches với độ phân giải 1920 x 1200 pixels (WUXGA) cho chất lượng hiển thị sắc nét, sống động. Hệ điều hành Windows 11 Home được cài đặt sẵn cùng dung lượng pin 63WHrs, 3S1P, 3-cell Li-ion đáp ứng tốt nhu cầu làm việc và học tập liên tục.",https://cdn2.cellphones.com.vn/insecure/rs:fill:358:358/q:90/plain/https://cellphones.com.vn/media/catalog/product/t/e/text_d_i_7_57.png,15
Laptop Dell 14 DC14250 DC4C5386W,Dell,30990000,13,"Intel Core 5 120U (Up to 5Ghz, 12Mb Cache)",16GB DDR5,Intel Graphics,512GB M.2 PCIe NVMe (nâng cấp tối đa 1TB),14 inches,1920 x 1200 pixels (FullHD+),1.8 kg,"Li-ion  4-Cell Battery, 54WHr","Windows 11 Home, Single Language English + Office Home & Student 2024, 1 năm sử dụng Microsoft 365 Basic (miễn phí 1 năm, hết phải gia hạn)","Laptop Laptop Dell 14 DC14250 DC4C5386W chính hãng, phân phối bởi TechStore. Sản phẩm được trang bị bộ vi xử lý mạnh mẽ Intel Core 5 120U (Up to 5Ghz, 12Mb Cache), dung lượng RAM 16GB DDR5 và ổ cứng 512GB M.2 PCIe NVMe (nâng cấp tối đa 1TB) tốc độ cao giúp xử lý đa tác vụ mượt mà. Màn hình kích thước 14 inches với độ phân giải 1920 x 1200 pixels (FullHD+) cho chất lượng hiển thị sắc nét, sống động. Hệ điều hành Windows 11 Home, Single Language English + Office Home & Student 2024, 1 năm sử dụng Microsoft 365 Basic (miễn phí 1 năm, hết phải gia hạn) được cài đặt sẵn cùng dung lượng pin Li-ion  4-Cell Battery, 54WHr đáp ứng tốt nhu cầu làm việc và học tập liên tục.",https://cdn2.cellphones.com.vn/insecure/rs:fill:358:358/q:90/plain/https://cellphones.com.vn/media/catalog/product/g/r/group_945_33.png,15
Laptop Lenovo LOQ 15ARP10E 83S0007AVN,Lenovo,30490000,8,"AMD Ryzen 7 7735HS (8 lõi / 16 luồng, 3.2 / 4.75GHz, 4MB L2 / 16MB L3)",16GB SODIMM DDR5-4800,"NVIDIA GeForce RTX 3050 6GB GDDR6, Boost Clock 990MHz, TGP 65W","512GB SSD M.2 2242 PCIe 4.0x4 NVMe (Tối đa hai ổ đĩa, 2x SSD M.2 dung lượng tối đa 1TB mỗi ổ)",15.6 inches,1920 x 1080 pixels (FullHD),1.8 kg,"57.5Wh, 135W Slim Tip (3-pin)","Windows 11 Home Single Language, English","Laptop Laptop Lenovo LOQ 15ARP10E 83S0007AVN chính hãng, phân phối bởi TechStore. Sản phẩm được trang bị bộ vi xử lý mạnh mẽ AMD Ryzen 7 7735HS (8 lõi / 16 luồng, 3.2 / 4.75GHz, 4MB L2 / 16MB L3), dung lượng RAM 16GB SODIMM DDR5-4800 và ổ cứng 512GB SSD M.2 2242 PCIe 4.0x4 NVMe (Tối đa hai ổ đĩa, 2x SSD M.2 dung lượng tối đa 1TB mỗi ổ) tốc độ cao giúp xử lý đa tác vụ mượt mà. Màn hình kích thước 15.6 inches với độ phân giải 1920 x 1080 pixels (FullHD) cho chất lượng hiển thị sắc nét, sống động. Hệ điều hành Windows 11 Home Single Language, English được cài đặt sẵn cùng dung lượng pin 57.5Wh, 135W Slim Tip (3-pin) đáp ứng tốt nhu cầu làm việc và học tập liên tục.",https://cdn2.cellphones.com.vn/insecure/rs:fill:358:358/q:90/plain/https://cellphones.com.vn/media/catalog/product/t/e/text_d_i_8_16.png,15
MacBook Air M5 13 inch 2026 10CPU 8GPU 16GB 512GB | Chính hãng Apple Việt Nam,Apple,35990000,2,Chip Apple M5 CPU 10 lõi với 4 lõi siêu xử lý và 6 lõi tiết kiệm điện,16GB,GPU 8 lõi Neural Accelerators Công nghệ dò tia tốc độ cao bằng phần cứngNeural Engine 16 lõi Băng thông bộ nhớ 153GB/s,512GB,13.6 inches,2560 x 1664 pixels,1.8 kg,"Pin Li-Po 53,8 watt‑giờ tích hợpThời gian xem video trực tuyến lên đến 18 giờ Thời gian duyệt web trên mạng không dây lên đến 15 giờ",Windows 11 Home,"Laptop MacBook Air M5 13 inch 2026 10CPU 8GPU 16GB 512GB | Chính hãng Apple Việt Nam chính hãng, phân phối bởi TechStore. Sản phẩm được trang bị bộ vi xử lý mạnh mẽ Chip Apple M5 CPU 10 lõi với 4 lõi siêu xử lý và 6 lõi tiết kiệm điện, dung lượng RAM 16GB và ổ cứng 512GB tốc độ cao giúp xử lý đa tác vụ mượt mà. Màn hình kích thước 13.6 inches với độ phân giải 2560 x 1664 pixels cho chất lượng hiển thị sắc nét, sống động. Hệ điều hành Windows 11 Home được cài đặt sẵn cùng dung lượng pin Pin Li-Po 53,8 watt‑giờ tích hợpThời gian xem video trực tuyến lên đến 18 giờ Thời gian duyệt web trên mạng không dây lên đến 15 giờ đáp ứng tốt nhu cầu làm việc và học tập liên tục.",https://cdn2.cellphones.com.vn/insecure/rs:fill:358:358/q:90/plain/https://cellphones.com.vn/media/catalog/product/m/a/macbook_13_17.png,15
Laptop ASUS Vivobook S14 S3407VA-LY146W,ASUS,22990000,13,"Intel Core 5 210H 2.2 GHz (12MB Cache, up to 4.8 GHz, 8 lõi, 12 luồng)",16GB DDR5,Intel UHD Graphics,512GB M.2 NVMe PCIe 4.0 SSD,14 inches,1920 x 1200 pixels (WUXGA),1.8 kg,"70WHrs, 4S1P, 4-cell Li-ion",Windows 11 Home,"Laptop Laptop ASUS Vivobook S14 S3407VA-LY146W chính hãng, phân phối bởi TechStore. Sản phẩm được trang bị bộ vi xử lý mạnh mẽ Intel Core 5 210H 2.2 GHz (12MB Cache, up to 4.8 GHz, 8 lõi, 12 luồng), dung lượng RAM 16GB DDR5 và ổ cứng 512GB M.2 NVMe PCIe 4.0 SSD tốc độ cao giúp xử lý đa tác vụ mượt mà. Màn hình kích thước 14 inches với độ phân giải 1920 x 1200 pixels (WUXGA) cho chất lượng hiển thị sắc nét, sống động. Hệ điều hành Windows 11 Home được cài đặt sẵn cùng dung lượng pin 70WHrs, 4S1P, 4-cell Li-ion đáp ứng tốt nhu cầu làm việc và học tập liên tục.",https://cdn2.cellphones.com.vn/insecure/rs:fill:358:358/q:90/plain/https://cellphones.com.vn/media/catalog/product/g/r/group_744_1_47.png,15
MacBook Air M4 13 inch 2025 10CPU 8GPU 16GB 256GB | Chính hãng Apple Việt Nam,Apple,26990000,7,CPU 10 lõi với 4 lõi hiệu năng và 6 lõi tiết kiệm điện,16GB,GPU 8 lõi Neural Engine 16 lõi Công nghệ dò tia tốc độ cao bằng phần cứngBăng thông bộ nhớ 120GB/s,256GB,13.6 inches,2560 x 1664 pixels,1.8 kg,Thời gian xem video trực tuyến lên đến 18 giờThời gian duyệt web trên mạng không dây lên đến 15 giờPin Li-Po 53.8 watt‑giờ tích hợp,macOS,"Laptop MacBook Air M4 13 inch 2025 10CPU 8GPU 16GB 256GB | Chính hãng Apple Việt Nam chính hãng, phân phối bởi TechStore. Sản phẩm được trang bị bộ vi xử lý mạnh mẽ CPU 10 lõi với 4 lõi hiệu năng và 6 lõi tiết kiệm điện, dung lượng RAM 16GB và ổ cứng 256GB tốc độ cao giúp xử lý đa tác vụ mượt mà. Màn hình kích thước 13.6 inches với độ phân giải 2560 x 1664 pixels cho chất lượng hiển thị sắc nét, sống động. Hệ điều hành macOS được cài đặt sẵn cùng dung lượng pin Thời gian xem video trực tuyến lên đến 18 giờThời gian duyệt web trên mạng không dây lên đến 15 giờPin Li-Po 53.8 watt‑giờ tích hợp đáp ứng tốt nhu cầu làm việc và học tập liên tục.",https://cdn2.cellphones.com.vn/insecure/rs:fill:358:358/q:90/plain/https://cellphones.com.vn/media/catalog/product/m/a/macbook_11_1.png,15
Laptop Acer Gaming Nitro ProPanel ANV15-41-R7CR,Acer,32990000,17,AMD Ryzen 5 7535HS (6 lõi / 12 luồng / Base Clock: 3.3 GHz / Max. Boost Clock: Up to 4.55 GHz / 3MB L2 Cache; 16MB L3 Cache),16GB DDR5 Up to 4800 MT/s,"NVIDIA GeForce RTX 4050 6 GB GDDR6 VRAM, hỗ trợ 2560 NVIDIA CUDA Cores",512GB PCIe NVMe SSD (Tối đa 4TB PCIe Gen4 NVMe SSD​),15.6 inches,1920 x 1080 pixels (FullHD),1.8 kg,"57Whr 4-cell Li-ion Battery, 135W AC Adapter",Windows 11 Home Single Language,"Laptop Laptop Acer Gaming Nitro ProPanel ANV15-41-R7CR chính hãng, phân phối bởi TechStore. Sản phẩm được trang bị bộ vi xử lý mạnh mẽ AMD Ryzen 5 7535HS (6 lõi / 12 luồng / Base Clock: 3.3 GHz / Max. Boost Clock: Up to 4.55 GHz / 3MB L2 Cache; 16MB L3 Cache), dung lượng RAM 16GB DDR5 Up to 4800 MT/s và ổ cứng 512GB PCIe NVMe SSD (Tối đa 4TB PCIe Gen4 NVMe SSD​) tốc độ cao giúp xử lý đa tác vụ mượt mà. Màn hình kích thước 15.6 inches với độ phân giải 1920 x 1080 pixels (FullHD) cho chất lượng hiển thị sắc nét, sống động. Hệ điều hành Windows 11 Home Single Language được cài đặt sẵn cùng dung lượng pin 57Whr 4-cell Li-ion Battery, 135W AC Adapter đáp ứng tốt nhu cầu làm việc và học tập liên tục.",https://cdn2.cellphones.com.vn/insecure/rs:fill:358:358/q:90/plain/https://cellphones.com.vn/media/catalog/product/g/r/group_973.png,15
MacBook Neo 13 inch A18 Pro 2026 6CPU 5GPU 8GB 512GB Touch ID | Chính hãng Apple Việt Nam,Apple,21990000,2,Chip Apple A18 Pro CPU 6 lõi với 2 lõi hiệu năng và 4 lõi tiết kiệm điện,8GB,GPU 5 lõi Công nghệ dò tia tốc độ cao bằng phần cứng Neural Engine 16 lõi Băng thông bộ nhớ 60GB/s,512GB,13 inches,2408 x 1506 pixels,1.8 kg,Thời gian xem video trực tuyến lên đến 16 giờ Thời gian duyệt web trên mạng không dây lên đến 11 giờ Pin lithium-ion 36.5 watt‑giờ tích hợp,macOS,"Laptop MacBook Neo 13 inch A18 Pro 2026 6CPU 5GPU 8GB 512GB Touch ID | Chính hãng Apple Việt Nam chính hãng, phân phối bởi TechStore. Sản phẩm được trang bị bộ vi xử lý mạnh mẽ Chip Apple A18 Pro CPU 6 lõi với 2 lõi hiệu năng và 4 lõi tiết kiệm điện, dung lượng RAM 8GB và ổ cứng 512GB tốc độ cao giúp xử lý đa tác vụ mượt mà. Màn hình kích thước 13 inches với độ phân giải 2408 x 1506 pixels cho chất lượng hiển thị sắc nét, sống động. Hệ điều hành macOS được cài đặt sẵn cùng dung lượng pin Thời gian xem video trực tuyến lên đến 16 giờ Thời gian duyệt web trên mạng không dây lên đến 11 giờ Pin lithium-ion 36.5 watt‑giờ tích hợp đáp ứng tốt nhu cầu làm việc và học tập liên tục.",https://cdn2.cellphones.com.vn/insecure/rs:fill:358:358/q:90/plain/https://cellphones.com.vn/media/catalog/product/m/a/macbook_1__7_10.png,15
Laptop Acer Gaming Nitro ProPanel ANV15-52-50VA,Acer,29990000,7,"Intel Core 5 210H (8 lõi / 12 luồng, Efficient-core Max Turbo Frequency :3.6 GHz, Max Turbo Frequency : 4.8GHz, 12 MB Intel Smart Cache)",16GB DDR5 5200 MHz,"NVIDIA GeForce RTX 3050 6 GB GDDR6 VRAM, hỗ trợ 2560 NVIDIA CUDA Cores",512GB PCIe NVMe SSD (Nâng cấp tối đa 4TB),15.6 inches,1920 x 1080 pixels (FullHD),1.8 kg,"57 Wh 4-cell Li-ion batter, 135W 5.5PHY Adapter",Windows 11 Home Single Language,"Laptop Laptop Acer Gaming Nitro ProPanel ANV15-52-50VA chính hãng, phân phối bởi TechStore. Sản phẩm được trang bị bộ vi xử lý mạnh mẽ Intel Core 5 210H (8 lõi / 12 luồng, Efficient-core Max Turbo Frequency :3.6 GHz, Max Turbo Frequency : 4.8GHz, 12 MB Intel Smart Cache), dung lượng RAM 16GB DDR5 5200 MHz và ổ cứng 512GB PCIe NVMe SSD (Nâng cấp tối đa 4TB) tốc độ cao giúp xử lý đa tác vụ mượt mà. Màn hình kích thước 15.6 inches với độ phân giải 1920 x 1080 pixels (FullHD) cho chất lượng hiển thị sắc nét, sống động. Hệ điều hành Windows 11 Home Single Language được cài đặt sẵn cùng dung lượng pin 57 Wh 4-cell Li-ion batter, 135W 5.5PHY Adapter đáp ứng tốt nhu cầu làm việc và học tập liên tục.",https://cdn2.cellphones.com.vn/insecure/rs:fill:358:358/q:90/plain/https://cellphones.com.vn/media/catalog/product/g/r/group_975_17.png,15
Laptop HP Victus 15-FA2451TX D17WPPA,HP,31190000,12,Intel Core i5-13420H (8 lõi) - Max Turbo Frequency: 4.60 GHz,16GB DDR5 5200MHz,"NVIDIA GeForce RTX 4050 (6GB of GDDR6 SDRAM, Bus Width: 96- bit)  Intel UHD  Graphics",512GB SSD1 PCIe (M.2 2280),15.6 inches,1920 x 1080 pixels (FullHD),1.8 kg,4 Cell Int (70.07Wh),Windows 11 Home Single Language 64-bit,"Laptop Laptop HP Victus 15-FA2451TX D17WPPA chính hãng, phân phối bởi TechStore. Sản phẩm được trang bị bộ vi xử lý mạnh mẽ Intel Core i5-13420H (8 lõi) - Max Turbo Frequency: 4.60 GHz, dung lượng RAM 16GB DDR5 5200MHz và ổ cứng 512GB SSD1 PCIe (M.2 2280) tốc độ cao giúp xử lý đa tác vụ mượt mà. Màn hình kích thước 15.6 inches với độ phân giải 1920 x 1080 pixels (FullHD) cho chất lượng hiển thị sắc nét, sống động. Hệ điều hành Windows 11 Home Single Language 64-bit được cài đặt sẵn cùng dung lượng pin 4 Cell Int (70.07Wh) đáp ứng tốt nhu cầu làm việc và học tập liên tục.",https://cdn2.cellphones.com.vn/insecure/rs:fill:358:358/q:90/plain/https://cellphones.com.vn/media/catalog/product/t/e/text_d_i_8_50.png,15
Laptop Dell Pro 15 Essential PV15250 VKVKD - Nhập khẩu chính hãng,Dell,14990000,3,Intel Core 3 -100U,8GB DDR5,Intel Graphics,512GB SSD,15.6 inches,1920 x 1080 pixels (FullHD),1.8 kg,"3-cell, 41 Wh hoặc 4-cell, 54 Wh",Windows 11 Home,"Laptop Laptop Dell Pro 15 Essential PV15250 VKVKD - Nhập khẩu chính hãng chính hãng, phân phối bởi TechStore. Sản phẩm được trang bị bộ vi xử lý mạnh mẽ Intel Core 3 -100U, dung lượng RAM 8GB DDR5 và ổ cứng 512GB SSD tốc độ cao giúp xử lý đa tác vụ mượt mà. Màn hình kích thước 15.6 inches với độ phân giải 1920 x 1080 pixels (FullHD) cho chất lượng hiển thị sắc nét, sống động. Hệ điều hành Windows 11 Home được cài đặt sẵn cùng dung lượng pin 3-cell, 41 Wh hoặc 4-cell, 54 Wh đáp ứng tốt nhu cầu làm việc và học tập liên tục.",https://cdn2.cellphones.com.vn/insecure/rs:fill:358:358/q:90/plain/https://cellphones.com.vn/media/catalog/product/t/e/text_ng_n_2__13_50.png,15
